name,iterations,real_time,cpu_time,time_unit,bytes_per_second,items_per_second,label,error_occurred,error_message
"BM_Search/256",10292987,54.2292,59.9479,ns,,4.27037e+09,,,
"BM_Search/1024",3270163,189.969,210.011,ns,,4.87593e+09,,,
"BM_Search/4096",793753,730.672,804.917,ns,,5.08872e+09,,,
"BM_Search/16384",214336,3123.66,3240.14,ns,,5.05657e+09,,,
"BM_Search/65536",54300,12052.9,12502.3,ns,,5.24192e+09,,,
"BM_Search/262144",15348,43867.6,45503.6,ns,,5.76095e+09,,,
"BM_Search/1048576",5459,128584,133181,ns,,7.8733e+09,,,
