name,iterations,real_time,cpu_time,time_unit,bytes_per_second,items_per_second,label,error_occurred,error_message
"BM_Search/256",10604998,60.572,61.3014,ns,,4.17609e+09,,,
"BM_Search/1024",3292659,207.028,209.524,ns,,4.88726e+09,,,
"BM_Search/4096",792230,803.954,813.653,ns,,5.03409e+09,,,
"BM_Search/16384",217395,3150.03,3187.99,ns,,5.13929e+09,,,
"BM_Search/65536",54232,12387,12536.3,ns,,5.22769e+09,,,
"BM_Search/262144",13775,41967.4,45755.9,ns,,5.72919e+09,,,
"BM_Search/1048576",4788,125372,139300,ns,,7.52747e+09,,,
