name,iterations,real_time,cpu_time,time_unit,bytes_per_second,items_per_second,label,error_occurred,error_message
"BM_Pop/256",346203,1916.76,1969.84,ns,,1.2996e+08,,,
"BM_Pop/512",170181,3654.38,3754.57,ns,,1.36367e+08,,,
"BM_Pop/1024",74343,7210.89,7407.29,ns,,1.38242e+08,,,
"BM_Pop/2048",41155,15604.6,16025,ns,,1.278e+08,,,
"BM_Pop/4096",18534,37378.4,38308.7,ns,,1.06921e+08,,,
"BM_Pop/8192",8783,73975.5,75838.3,ns,,1.08019e+08,,,
"BM_Pop/16384",3996,157597,161562,ns,,1.0141e+08,,,
"BM_Pop/32768",1824,366562,375750,ns,,8.72069e+07,,,
"BM_Pop/65536",933,767977,787205,ns,,8.32515e+07,,,
"BM_Pop/131072",429,1.6288e+06,1.66955e+06,ns,,7.85073e+07,,,
"BM_Pop/262144",218,3.33771e+06,3.37788e+06,ns,,7.7606e+07,,,
"BM_Pop/524288",94,6.95578e+06,7.03943e+06,ns,,7.44788e+07,,,
"BM_Pop/1048576",47,1.54623e+07,1.56486e+07,ns,,6.70076e+07,,,
