name,iterations,real_time,cpu_time,time_unit,bytes_per_second,items_per_second,label,error_occurred,error_message
"BM_Pop/256",339837,1997.57,1998.71,ns,,1.28083e+08,,,
"BM_Pop/512",177946,3757.01,3756.83,ns,,1.36285e+08,,,
"BM_Pop/1024",72616,7087.46,7453.42,ns,,1.37387e+08,,,
"BM_Pop/2048",40810,15066.7,16434.3,ns,,1.24617e+08,,,
"BM_Pop/4096",18662,35118.9,38299.3,ns,,1.06947e+08,,,
"BM_Pop/8192",9051,70154.3,76543.6,ns,,1.07024e+08,,,
"BM_Pop/16384",3985,159289,161996,ns,,1.01138e+08,,,
"BM_Pop/32768",1826,373477,373473,ns,,8.77386e+07,,,
"BM_Pop/65536",929,821827,821871,ns,,7.974e+07,,,
"BM_Pop/131072",410,1.60954e+06,1.73531e+06,ns,,7.55325e+07,,,
"BM_Pop/262144",207,3.2261e+06,3.5193e+06,ns,,7.44875e+07,,,
"BM_Pop/524288",92,7.05553e+06,7.44549e+06,ns,,7.04169e+07,,,
"BM_Pop/1048576",44,1.63301e+07,1.63301e+07,ns,,6.42114e+07,,,
