name,iterations,real_time,cpu_time,time_unit,bytes_per_second,items_per_second,label,error_occurred,error_message
"BM_Search/256",33660400,18.3844,18.9497,ns,,1.35094e+10,,,
"BM_Search/1024",27239332,24.6496,25.4071,ns,,4.03037e+10,,,
"BM_Search/4096",21241845,31.28,32.2414,ns,,1.27042e+11,,,
"BM_Search/16384",14497312,43.5816,44.7006,ns,,3.66527e+11,,,
"BM_Search/65536",10661344,71.109,72.9113,ns,,8.98845e+11,,,
"BM_Search/262144",6189458,93.2494,95.6138,ns,,2.7417e+12,,,
"BM_Search/1048576",2343906,241.457,247.573,ns,,4.23542e+12,,,
