name,iterations,real_time,cpu_time,time_unit,bytes_per_second,items_per_second,label,error_occurred,error_message
"BM_Search/256",16671341,39.459,40.6765,ns,,6.29357e+09,,,
"BM_Search/1024",9310548,65.6472,67.6728,ns,,1.51316e+10,,,
"BM_Search/4096",4087070,157.047,161.885,ns,,2.53019e+10,,,
"BM_Search/16384",1250393,512.9,528.726,ns,,3.09877e+10,,,
"BM_Search/65536",599520,1146.84,1182.22,ns,,5.54346e+10,,,
"BM_Search/262144",300811,2302.63,2373.69,ns,,1.10437e+11,,,
"BM_Search/1048576",187219,3711.41,3830.11,ns,,2.73771e+11,,,
