name,iterations,real_time,cpu_time,time_unit,bytes_per_second,items_per_second,label,error_occurred,error_message
"BM_Search/256",33766637,19.1972,18.9274,ns,,1.35254e+10,,,
"BM_Search/1024",28645942,23.3566,23.5043,ns,,4.35665e+10,,,
"BM_Search/4096",21287212,32.1016,33.2985,ns,,1.23009e+11,,,
"BM_Search/16384",15843267,42.0024,43.5691,ns,,3.76046e+11,,,
"BM_Search/65536",10608295,61.2231,63.5038,ns,,1.032e+12,,,
"BM_Search/262144",7631047,95.8781,101.689,ns,,2.57789e+12,,,
"BM_Search/1048576",2933764,227.838,242.92,ns,,4.31656e+12,,,
