name,iterations,real_time,cpu_time,time_unit,bytes_per_second,items_per_second,label,error_occurred,error_message
"BM_Search/256",31877867,18.8937,19.6228,ns,,1.30461e+10,,,
"BM_Search/1024",29219684,23.9252,24.8483,ns,,4.12101e+10,,,
"BM_Search/4096",20812107,33.6284,34.3619,ns,,1.19202e+11,,,
"BM_Search/16384",13972011,43.7418,44.6966,ns,,3.6656e+11,,,
"BM_Search/65536",10694788,63.6647,65.0537,ns,,1.00741e+12,,,
"BM_Search/262144",6907904,101.475,103.687,ns,,2.52822e+12,,,
"BM_Search/1048576",2999920,237.154,242.327,ns,,4.32711e+12,,,
